[
  {
    "ad_title": "Persevering 5thgeneration framework",
    "activity": "expand",
    "timestamp": 1626167111
  },
  {
    "ad_title": "Cross-platform holistic benchmark",
    "activity": "watch",
    "timestamp": 1595709029
  },
  {
    "ad_title": "User-friendly 6thgeneration infrastructure",
    "activity": "watch",
    "timestamp": 1622932984
  },
  {
    "ad_title": "Object-based fresh-thinking data-warehouse",
    "activity": "watch",
    "timestamp": 1657456403
  },
  {
    "ad_title": "Decentralized stable middleware",
    "activity": "expand",
    "timestamp": 1609050833
  },
  {
    "ad_title": "Stand-alone mobile infrastructure",
    "activity": "click",
    "timestamp": 1596925805
  },
  {
    "ad_title": "Automated attitude-oriented pricing structure",
    "activity": "click",
    "timestamp": 1580523698
  },
  {
    "ad_title": "Cloned neutral product",
    "activity": "expand",
    "timestamp": 1596862861
  },
  {
    "ad_title": "Multi-layered grid-enabled model",
    "activity": "click",
    "timestamp": 1643911911
  },
  {
    "ad_title": "Open-source clear-thinking frame",
    "activity": "click",
    "timestamp": 1658659145
  }
]