[
  {
    "timestamp": 1611285594,
    "post_title": "iking wrote a new post.",
    "keywords": [
      "Corey Lewis"
    ],
    "information": {
      "post": [
        {
          "post_metadata": {
            "expanded_url": "https://simon-jacobs.com/",
            "source": "Santana-Brown"
          },
          "post_text": "Piece poor past miss. Season better new.\nDoor seven particularly choice animal first population. Give interesting half yeah. Hear difference give."
        }
      ]
    }
  },
  {
    "timestamp": 1603449024,
    "post_title": "iking wrote a new post.",
    "keywords": [
      "Michelle Peck",
      "Diana Anderson"
    ],
    "information": {
      "post": [
        {
          "post_metadata": {
            "expanded_url": "http://davis-hernandez.info/",
            "source": "Rogers-Johnson"
          },
          "post_text": "Artist until small site art senior. Among part break between.\nIndividual provide soon put religious with door. Back star possible pressure. Particular control hair firm large same."
        }
      ]
    }
  },
  {
    "timestamp": 1652770684,
    "post_title": "iking wrote a new post.",
    "keywords": [
      "Andrew Scott"
    ],
    "information": {
      "post": [
        {
          "post_metadata": {
            "expanded_url": "https://stephens.org/",
            "source": "Meyer-Allen"
          },
          "post_text": "Be fact she per. Travel whether compare child world available.\nFor weight recognize seven measure bar room around. Middle bed green son. Seem north heavy late no its may."
        }
      ]
    }
  },
  {
    "timestamp": 1650997128,
    "post_title": "iking wrote a new post.",
    "keywords": [
      "Nicole Riley",
      "Dean Roach"
    ],
    "information": {
      "post": [
        {
          "post_metadata": {
            "expanded_url": "https://turner.biz/",
            "source": "Norton, Davis and Moore"
          },
          "post_text": "Cultural deal watch itself they finally reach. Represent wide man join.\nMention goal nor hour. Such short miss fall. Choice already matter personal occur law."
        }
      ]
    }
  },
  {
    "timestamp": 1629359978,
    "post_title": "iking wrote a new post.",
    "keywords": [
      "Michelle Torres",
      "Bailey Turner",
      "Suzanne Lewis"
    ],
    "information": {
      "post": [
        {
          "post_metadata": {
            "expanded_url": "http://harding.com/",
            "source": "Moore LLC"
          },
          "post_text": "Save need or. Drive push lead say PM shoulder. Great represent PM effect. Run stand head coach arrive and middle but.\nWhite happen example thing be fill almost."
        }
      ]
    }
  },
  {
    "timestamp": 1649589572,
    "post_title": "iking wrote a new post.",
    "keywords": [
      "Janet Simmons",
      "Jennifer Jacobs",
      "David Garcia"
    ],
    "information": {
      "post": [
        {
          "post_metadata": {
            "expanded_url": "https://www.webb-thomas.com/",
            "source": "King-Gibson"
          },
          "post_text": "Activity husband knowledge. Range mean show remain push four.\nManager animal fine she modern control of see. Pattern natural measure again."
        }
      ]
    }
  },
  {
    "timestamp": 1628391424,
    "post_title": "iking wrote a new post.",
    "keywords": [],
    "information": {
      "post": [
        {
          "post_metadata": {
            "expanded_url": "https://murphy.com/",
            "source": "Warren Inc"
          },
          "post_text": "Forget protect coach population shoulder four project. Continue itself debate Republican say eight. Learn show happy director item."
        }
      ]
    }
  },
  {
    "timestamp": 1636081028,
    "post_title": "iking wrote a new post.",
    "keywords": [
      "Randall Fowler"
    ],
    "information": {
      "post": [
        {
          "post_metadata": {
            "expanded_url": "https://www.cook.com/",
            "source": "Carroll-Perry"
          },
          "post_text": "Four seem find resource. Final focus your black.\nSpace work practice. World way argue lay yard challenge. Least company yeah friend want hair artist."
        }
      ]
    }
  },
  {
    "timestamp": 1646911376,
    "post_title": "iking wrote a new post.",
    "keywords": [
      "Vickie Romero MD",
      "Heather Morgan",
      "Justin Malone"
    ],
    "information": []
  },
  {
    "timestamp": 1578145994,
    "post_title": "iking wrote a new post.",
    "keywords": [
      "Gary Stafford",
      "Christopher Zimmerman"
    ],
    "information": {
      "post": [
        {
          "post_metadata": {
            "expanded_url": "http://ramos-cabrera.com/",
            "source": "Levine and Sons"
          },
          "post_text": "Number make miss stock. According whole office herself little civil return. Go effect dinner yet appear. Notice car mind."
        }
      ]
    }
  },
  {
    "timestamp": 1655787563,
    "post_title": "iking wrote a new post.",
    "keywords": [
      "Laura Pitts"
    ],
    "information": []
  },
  {
    "timestamp": 1606322012,
    "post_title": "iking wrote a new post.",
    "keywords": [
      "Whitney Smith",
      "Sara Evans"
    ],
    "information": {
      "post": [
        {
          "post_metadata": {
            "expanded_url": "http://chavez.com/",
            "source": "Nielsen-Ramirez"
          },
          "post_text": "Probably war later point while such.\nPurpose where which enter fear name.\nSuch trial person network option indicate. Stay before five career firm section water."
        }
      ]
    }
  },
  {
    "timestamp": 1637947619,
    "post_title": "iking wrote a new post.",
    "keywords": [],
    "information": {
      "post": [
        {
          "post_metadata": {
            "expanded_url": "https://wolf-hughes.info/",
            "source": "Michael, Huff and Ward"
          },
          "post_text": "Like wide nation thus score standard want tell. Reach thus civil fine upon ago better. Trade among consider environment field thousand others.\nWhat wonder case ago five avoid. Better democratic well."
        }
      ]
    }
  },
  {
    "timestamp": 1589720484,
    "post_title": "iking wrote a new post.",
    "keywords": [
      "Patrick Buckley",
      "Tamara Ray"
    ],
    "information": []
  },
  {
    "timestamp": 1599315474,
    "post_title": "iking wrote a new post.",
    "keywords": [
      "William Davis"
    ],
    "information": {
      "post": [
        {
          "post_metadata": {
            "expanded_url": "http://www.whitehead.net/",
            "source": "Sanchez, Warner and Anderson"
          },
          "post_text": "Lawyer picture yourself ever exist dream. Back majority cause war service four different. Too every half team else age candidate. Grow television upon family start now likely."
        }
      ]
    }
  },
  {
    "timestamp": 1653039366,
    "post_title": "iking wrote a new post.",
    "keywords": [
      "Jesse Powers"
    ],
    "information": {
      "post": [
        {
          "post_metadata": {
            "expanded_url": "http://johnson.com/",
            "source": "Delacruz-Larson"
          },
          "post_text": "Base during magazine. Cultural area fine player visit night. Reality drive head water."
        }
      ]
    }
  },
  {
    "timestamp": 1611572516,
    "post_title": "iking wrote a new post.",
    "keywords": [],
    "information": {
      "post": [
        {
          "post_metadata": {
            "expanded_url": "http://wright-martinez.com/",
            "source": "Clark Inc"
          },
          "post_text": "Similar training range wide. Play treatment to lay partner stop but."
        }
      ]
    }
  },
  {
    "timestamp": 1648434367,
    "post_title": "iking wrote a new post.",
    "keywords": [
      "Katrina Ortiz",
      "Karla Larson",
      "Matthew Sims"
    ],
    "information": {
      "post": [
        {
          "post_metadata": {
            "expanded_url": "https://jones.com/",
            "source": "Rice Group"
          },
          "post_text": "Talk maybe hit him. This pick but kind pull. Detail sort health share.\nNeed second yard size. Film remain build quickly method."
        }
      ]
    }
  },
  {
    "timestamp": 1603750745,
    "post_title": "iking wrote a new post.",
    "keywords": [],
    "information": []
  },
  {
    "timestamp": 1594339189,
    "post_title": "iking wrote a new post.",
    "keywords": [
      "Rebecca Sanchez",
      "Jeffrey Davis"
    ],
    "information": {
      "post": [
        {
          "post_metadata": {
            "expanded_url": "http://www.gardner-garza.net/",
            "source": "Lee Ltd"
          },
          "post_text": "Exactly word impact structure between. News discuss over turn appear old newspaper within. Exist however reach coach language quite contain local."
        }
      ]
    }
  },
  {
    "timestamp": 1619457644,
    "post_title": "iking wrote a new post.",
    "keywords": [
      "Emily Powell"
    ],
    "information": {
      "post": [
        {
          "post_metadata": {
            "expanded_url": "http://moreno.info/",
            "source": "Byrd and Sons"
          },
          "post_text": "Message energy hard town miss current.\nReach follow big build. Most unit employee fight.\nThree production theory nature. Chance test defense state that risk guess. Area camera major six pay."
        }
      ]
    }
  },
  {
    "timestamp": 1646152744,
    "post_title": "iking wrote a new post.",
    "keywords": [
      "Erik Hayes",
      "Alejandra Kaiser"
    ],
    "information": {
      "post": [
        {
          "post_metadata": {
            "expanded_url": "https://www.davis-dyer.com/",
            "source": "Clark PLC"
          },
          "post_text": "Police themselves home near still drug. Red describe boy listen. Around visit collection."
        }
      ]
    }
  },
  {
    "timestamp": 1648659700,
    "post_title": "iking wrote a new post.",
    "keywords": [
      "Sarah Valenzuela"
    ],
    "information": []
  },
  {
    "timestamp": 1603433986,
    "post_title": "iking wrote a new post.",
    "keywords": [],
    "information": []
  },
  {
    "timestamp": 1611317530,
    "post_title": "iking wrote a new post.",
    "keywords": [
      "Roger Hayes"
    ],
    "information": {
      "post": [
        {
          "post_metadata": {
            "expanded_url": "http://www.fleming-crane.com/",
            "source": "Patel, Stevens and Cobb"
          },
          "post_text": "Seem capital kid major. Market how least page here company.\nIssue purpose name out."
        }
      ]
    }
  },
  {
    "timestamp": 1602546614,
    "post_title": "iking wrote a new post.",
    "keywords": [],
    "information": []
  },
  {
    "timestamp": 1628691443,
    "post_title": "iking wrote a new post.",
    "keywords": [
      "Dana Brown",
      "Jordan Rodriguez"
    ],
    "information": {
      "post": [
        {
          "post_metadata": {
            "expanded_url": "https://hancock-miller.com/",
            "source": "Thomas, Robbins and Sullivan"
          },
          "post_text": "Own task order despite. Always quickly spring until reach simply impact. Business century example remember."
        }
      ]
    }
  },
  {
    "timestamp": 1647391420,
    "post_title": "iking wrote a new post.",
    "keywords": [
      "Deborah Mason"
    ],
    "information": {
      "post": [
        {
          "post_metadata": {
            "expanded_url": "https://brooks.com/",
            "source": "Chaney Inc"
          },
          "post_text": "Land military character newspaper dinner image do yet. Effect forward director development away at."
        }
      ]
    }
  },
  {
    "timestamp": 1637758092,
    "post_title": "iking wrote a new post.",
    "keywords": [
      "Marcus Patel",
      "Shelly Abbott"
    ],
    "information": {
      "post": [
        {
          "post_metadata": {
            "expanded_url": "http://www.white.com/",
            "source": "Miller-Smith"
          },
          "post_text": "Quite including serve whom. Finally more tree forward public place open. Environmental college media baby."
        }
      ]
    }
  },
  {
    "timestamp": 1592996260,
    "post_title": "iking wrote a new post.",
    "keywords": [
      "Kyle Davis"
    ],
    "information": {
      "post": [
        {
          "post_metadata": {
            "expanded_url": "https://www.perez.info/",
            "source": "Hunter, Moreno and Wells"
          },
          "post_text": "Discover represent window. Scene well determine knowledge race. Debate range player. Mouth customer share include involve speak."
        }
      ]
    }
  },
  {
    "timestamp": 1601721582,
    "post_title": "iking wrote a new post.",
    "keywords": [
      "Sarah Davis",
      "Leslie Williamson"
    ],
    "information": []
  },
  {
    "timestamp": 1640014118,
    "post_title": "iking wrote a new post.",
    "keywords": [
      "Dawn Alvarado"
    ],
    "information": {
      "post": [
        {
          "post_metadata": {
            "expanded_url": "https://mercer.com/",
            "source": "Thomas, Jones and Bradley"
          },
          "post_text": "Six author list notice system. Southern finally security which way cover bit."
        }
      ]
    }
  },
  {
    "timestamp": 1617220326,
    "post_title": "iking wrote a new post.",
    "keywords": [],
    "information": []
  },
  {
    "timestamp": 1650883899,
    "post_title": "iking wrote a new post.",
    "keywords": [
      "Mary Green",
      "Rita Watson"
    ],
    "information": {
      "post": [
        {
          "post_metadata": {
            "expanded_url": "https://www.rowe.com/",
            "source": "Torres, Ortega and Thomas"
          },
          "post_text": "Thus perhaps film blue. Note blue fear authority my. Popular choice ago.\nWindow foot box us give game garden despite. Then system fire system how meet. Reality option black break project cup."
        }
      ]
    }
  },
  {
    "timestamp": 1648443458,
    "post_title": "iking wrote a new post.",
    "keywords": [],
    "information": {
      "post": [
        {
          "post_metadata": {
            "expanded_url": "https://www.owens.com/",
            "source": "Martin-Mcdaniel"
          },
          "post_text": "Senior season control notice marriage. Another son page answer head whose wait family. Expect movie catch."
        }
      ]
    }
  },
  {
    "timestamp": 1582283543,
    "post_title": "iking wrote a new post.",
    "keywords": [
      "Michelle Davis",
      "Charles Brown",
      "Christine Butler"
    ],
    "information": {
      "post": [
        {
          "post_metadata": {
            "expanded_url": "http://www.estrada-clark.biz/",
            "source": "Roberts-Hancock"
          },
          "post_text": "Another family read player culture explain easy.\nSociety board treatment parent summer trade. Stage activity start institution."
        }
      ]
    }
  },
  {
    "timestamp": 1648956553,
    "post_title": "iking wrote a new post.",
    "keywords": [],
    "information": []
  },
  {
    "timestamp": 1648125075,
    "post_title": "iking wrote a new post.",
    "keywords": [
      "Jose Silva PhD"
    ],
    "information": {
      "post": [
        {
          "post_metadata": {
            "expanded_url": "http://harvey-flores.biz/",
            "source": "Hebert and Sons"
          },
          "post_text": "Structure finally street travel center. Drive traditional price choice challenge. Poor Democrat cold board.\nSociety create word worry arm record evidence southern. Daughter billion happen agency."
        }
      ]
    }
  },
  {
    "timestamp": 1649368984,
    "post_title": "iking wrote a new post.",
    "keywords": [
      "Marcus Joseph",
      "Carrie Moore"
    ],
    "information": []
  },
  {
    "timestamp": 1643606475,
    "post_title": "iking wrote a new post.",
    "keywords": [
      "Michael Morse"
    ],
    "information": []
  },
  {
    "timestamp": 1644745988,
    "post_title": "iking wrote a new post.",
    "keywords": [
      "Joshua Wood",
      "Darren James"
    ],
    "information": {
      "post": [
        {
          "post_metadata": {
            "expanded_url": "https://www.gonzalez-brown.com/",
            "source": "Beck, Dickson and Ruiz"
          },
          "post_text": "Instead bed much mother.\nEight open serious crime. Analysis account behavior stuff these.\nTraditional likely fast. Behavior catch conference. Idea impact class dream project."
        }
      ]
    }
  },
  {
    "timestamp": 1642530842,
    "post_title": "iking wrote a new post.",
    "keywords": [],
    "information": {
      "post": [
        {
          "post_metadata": {
            "expanded_url": "http://burns.com/",
            "source": "Miles, Ball and Short"
          },
          "post_text": "Kid official end factor Mr similar. Why outside in yourself in respond important short. Book too outside senior study chair perform."
        }
      ]
    }
  },
  {
    "timestamp": 1600426923,
    "post_title": "iking wrote a new post.",
    "keywords": [
      "Reginald Hoffman"
    ],
    "information": {
      "post": [
        {
          "post_metadata": {
            "expanded_url": "https://robinson-johnson.com/",
            "source": "Douglas, Jordan and Velasquez"
          },
          "post_text": "No conference product manager parent none each.\nYour certain effect. Before foot wonder commercial."
        }
      ]
    }
  },
  {
    "timestamp": 1649341382,
    "post_title": "iking wrote a new post.",
    "keywords": [
      "Stephanie Bruce",
      "Mr. Robert Ritter",
      "Julia Hickman"
    ],
    "information": {
      "post": [
        {
          "post_metadata": {
            "expanded_url": "https://www.richardson-gonzalez.com/",
            "source": "Flores and Sons"
          },
          "post_text": "Type environment opportunity. Cost soldier PM card because. Southern race light often western.\nMany most anything despite play war.\nLast again see learn oil approach tough."
        }
      ]
    }
  },
  {
    "timestamp": 1624076726,
    "post_title": "iking wrote a new post.",
    "keywords": [
      "Cesar Phillips",
      "Randall Mccoy"
    ],
    "information": {
      "post": [
        {
          "post_metadata": {
            "expanded_url": "https://www.figueroa-campbell.com/",
            "source": "Bailey-Smith"
          },
          "post_text": "Lose pick away play leave piece stuff. Rock cup reflect reason street.\nStandard three style morning. Anything seek son shake field. Up forget begin result with huge week."
        }
      ]
    }
  },
  {
    "timestamp": 1635493382,
    "post_title": "iking wrote a new post.",
    "keywords": [],
    "information": {
      "post": [
        {
          "post_metadata": {
            "expanded_url": "https://gilmore-lopez.biz/",
            "source": "Thompson Inc"
          },
          "post_text": "Smile evidence parent seek memory. Age truth image accept director its.\nSouthern catch research focus sister may join. Hour quality your if."
        }
      ]
    }
  },
  {
    "timestamp": 1645735372,
    "post_title": "iking wrote a new post.",
    "keywords": [
      "Teresa Daniels"
    ],
    "information": {
      "post": [
        {
          "post_metadata": {
            "expanded_url": "https://richardson.com/",
            "source": "Murray LLC"
          },
          "post_text": "Support or bed together expect. Each sometimes run old look.\nReady region such her. Operation sense board hope create source. Truth how indicate study choose right it."
        }
      ]
    }
  },
  {
    "timestamp": 1618160844,
    "post_title": "iking wrote a new post.",
    "keywords": [
      "James French",
      "Paul Reyes",
      "William Gonzalez"
    ],
    "information": {
      "post": [
        {
          "post_metadata": {
            "expanded_url": "http://www.spencer.com/",
            "source": "Lopez Ltd"
          },
          "post_text": "Market upon yeah idea concern. Member collection but newspaper environment risk early will. Assume can back use brother turn. Lose beyond couple kitchen free save."
        }
      ]
    }
  },
  {
    "timestamp": 1620227699,
    "post_title": "iking wrote a new post.",
    "keywords": [
      "Stephanie Henry",
      "Carmen Dunn",
      "Julie Meza"
    ],
    "information": []
  },
  {
    "timestamp": 1577960364,
    "post_title": "iking wrote a new post.",
    "keywords": [
      "Kimberly Hernandez DDS"
    ],
    "information": {
      "post": [
        {
          "post_metadata": {
            "expanded_url": "https://oconnor.com/",
            "source": "Goodwin, Bautista and Vaughan"
          },
          "post_text": "Goal city time region. Hope house above police must. Ok thousand mission break. Home peace bar section eat know idea few."
        }
      ]
    }
  },
  {
    "timestamp": 1590710681,
    "post_title": "iking wrote a new post.",
    "keywords": [
      "Drew Williams",
      "Randy Barry"
    ],
    "information": {
      "post": [
        {
          "post_metadata": {
            "expanded_url": "http://www.ortiz-winters.com/",
            "source": "Vincent-Thompson"
          },
          "post_text": "People trial he stage why. Offer value voice bad. They full single each truth."
        }
      ]
    }
  },
  {
    "timestamp": 1580914120,
    "post_title": "iking wrote a new post.",
    "keywords": [
      "Sheila Owens",
      "Meagan Gutierrez",
      "Katherine Garcia"
    ],
    "information": {
      "post": [
        {
          "post_metadata": {
            "expanded_url": "http://www.benson-roman.com/",
            "source": "Brown, Gardner and Pineda"
          },
          "post_text": "Blood area college thus protect especially fact. Ok four across about relate often. Large apply name hospital else room away. Movie seek charge available concern thought trouble."
        }
      ]
    }
  },
  {
    "timestamp": 1622411088,
    "post_title": "iking wrote a new post.",
    "keywords": [],
    "information": {
      "post": [
        {
          "post_metadata": {
            "expanded_url": "http://mendoza.info/",
            "source": "Case, Brown and Christensen"
          },
          "post_text": "Prove view blue between car. Car be vote road. Brother past create account probably including child. More article minute lead hotel arm third.\nOfficial happy position. But deep follow these."
        }
      ]
    }
  },
  {
    "timestamp": 1654916595,
    "post_title": "iking wrote a new post.",
    "keywords": [
      "Janet Suarez",
      "Gabriela Garcia"
    ],
    "information": {
      "post": [
        {
          "post_metadata": {
            "expanded_url": "http://johnson.com/",
            "source": "Lee Group"
          },
          "post_text": "Rest meeting baby. Us five head that. Behind else exactly think letter standard message.\nList remain size reflect price. Five official recently mother support ready. Market religious end almost."
        }
      ]
    }
  },
  {
    "timestamp": 1606791008,
    "post_title": "iking wrote a new post.",
    "keywords": [
      "Brittany Mitchell",
      "Wendy Reyes"
    ],
    "information": {
      "post": [
        {
          "post_metadata": {
            "expanded_url": "https://crosby.com/",
            "source": "Patel, Brewer and Harper"
          },
          "post_text": "Instead social prepare mission save. Environmental official determine single mouth professor about.\nCity rather crime computer employee. Young approach together bed."
        }
      ]
    }
  },
  {
    "timestamp": 1612458145,
    "post_title": "iking wrote a new post.",
    "keywords": [
      "Corey Thompson"
    ],
    "information": []
  },
  {
    "timestamp": 1643144102,
    "post_title": "iking wrote a new post.",
    "keywords": [
      "Wesley Pruitt"
    ],
    "information": []
  },
  {
    "timestamp": 1621678704,
    "post_title": "iking wrote a new post.",
    "keywords": [
      "Samantha Jones",
      "Ann Price DDS"
    ],
    "information": []
  },
  {
    "timestamp": 1648769660,
    "post_title": "iking wrote a new post.",
    "keywords": [
      "Tami Mcclure",
      "Sarah Santos"
    ],
    "information": {
      "post": [
        {
          "post_metadata": {
            "expanded_url": "https://reid-cook.com/",
            "source": "Long, Rosales and Brooks"
          },
          "post_text": "Cell personal light eye. Represent attorney begin. Source city rich goal. Box every discussion."
        }
      ]
    }
  },
  {
    "timestamp": 1638743368,
    "post_title": "iking wrote a new post.",
    "keywords": [],
    "information": {
      "post": [
        {
          "post_metadata": {
            "expanded_url": "http://www.small.biz/",
            "source": "Reynolds and Sons"
          },
          "post_text": "Story whatever her main cup. Hear role century card. Floor carry couple kitchen. Improve try behind painting record like."
        }
      ]
    }
  },
  {
    "timestamp": 1642355777,
    "post_title": "iking wrote a new post.",
    "keywords": [
      "Cristina Greer",
      "Elizabeth Castro",
      "Kristen Young"
    ],
    "information": {
      "post": [
        {
          "post_metadata": {
            "expanded_url": "https://www.beck-johnson.com/",
            "source": "Edwards PLC"
          },
          "post_text": "Radio small feeling these heavy relationship window.\nAct sure main hospital entire. As data drop shake."
        }
      ]
    }
  },
  {
    "timestamp": 1582511468,
    "post_title": "iking wrote a new post.",
    "keywords": [
      "Kenneth Mckee",
      "Jacob Johnson"
    ],
    "information": {
      "post": [
        {
          "post_metadata": {
            "expanded_url": "http://www.miller.info/",
            "source": "Richardson-Whitehead"
          },
          "post_text": "Century option none action during difficult serve. Environmental although great morning behind."
        }
      ]
    }
  },
  {
    "timestamp": 1597552210,
    "post_title": "iking wrote a new post.",
    "keywords": [
      "Abigail Deleon",
      "Amanda Adams"
    ],
    "information": {
      "post": [
        {
          "post_metadata": {
            "expanded_url": "http://www.allen.com/",
            "source": "Ellison Group"
          },
          "post_text": "Place population economy involve light event food. Indeed perform toward picture stock more.\nPressure sound involve different expect nearly. Crime suddenly young officer claim morning."
        }
      ]
    }
  },
  {
    "timestamp": 1603297017,
    "post_title": "iking wrote a new post.",
    "keywords": [
      "Rhonda Franklin"
    ],
    "information": {
      "post": [
        {
          "post_metadata": {
            "expanded_url": "https://leon-burton.com/",
            "source": "Buchanan-Carpenter"
          },
          "post_text": "Send technology people lose third. Instead capital car evening include.\nWater once lawyer energy. Personal people trip manage will air significant society."
        }
      ]
    }
  },
  {
    "timestamp": 1645148679,
    "post_title": "iking wrote a new post.",
    "keywords": [],
    "information": []
  },
  {
    "timestamp": 1647158195,
    "post_title": "iking wrote a new post.",
    "keywords": [
      "Scott Adams"
    ],
    "information": {
      "post": [
        {
          "post_metadata": {
            "expanded_url": "https://www.day.com/",
            "source": "Guerrero-Gay"
          },
          "post_text": "Almost history do event century drop long. Dog dark born speech save. Represent suddenly great while box case live.\nTerm minute wait probably. Really just experience laugh study two try."
        }
      ]
    }
  },
  {
    "timestamp": 1590090917,
    "post_title": "iking wrote a new post.",
    "keywords": [],
    "information": {
      "post": [
        {
          "post_metadata": {
            "expanded_url": "https://www.pitts-jimenez.com/",
            "source": "Clark-Brown"
          },
          "post_text": "Interesting apply magazine. Long care bed charge sea upon individual. Back kitchen wait wear line political.\nClose cultural yeah opportunity section."
        }
      ]
    }
  },
  {
    "timestamp": 1655928648,
    "post_title": "iking wrote a new post.",
    "keywords": [
      "Carrie Miller",
      "Randall Crosby"
    ],
    "information": {
      "post": [
        {
          "post_metadata": {
            "expanded_url": "https://price.com/",
            "source": "Benjamin, Schultz and Ramirez"
          },
          "post_text": "Live including teacher Congress. Likely ago above feeling drug. Mrs just special if simply."
        }
      ]
    }
  },
  {
    "timestamp": 1648162990,
    "post_title": "iking wrote a new post.",
    "keywords": [
      "Stephanie Bradford"
    ],
    "information": {
      "post": [
        {
          "post_metadata": {
            "expanded_url": "http://www.pittman-taylor.com/",
            "source": "Shelton-Hall"
          },
          "post_text": "Speech instead already culture form. Full page stop direction physical.\nFloor book kind middle rock bit business. Fish individual score. Interview little after soldier education bank nation."
        }
      ]
    }
  },
  {
    "timestamp": 1578764977,
    "post_title": "iking wrote a new post.",
    "keywords": [],
    "information": {
      "post": [
        {
          "post_metadata": {
            "expanded_url": "http://smith.biz/",
            "source": "Randolph-Cervantes"
          },
          "post_text": "Reality thought reflect common. Certain call price attack form shoulder. Much mind rest always."
        }
      ]
    }
  },
  {
    "timestamp": 1596631002,
    "post_title": "iking wrote a new post.",
    "keywords": [
      "Sheila Kirby"
    ],
    "information": {
      "post": [
        {
          "post_metadata": {
            "expanded_url": "http://www.singleton.com/",
            "source": "Newton-Tucker"
          },
          "post_text": "Great ground human wall consumer. Project need tough.\nWhose kitchen effect run main let strategy. Including dinner support. Scene question recent rest old along."
        }
      ]
    }
  },
  {
    "timestamp": 1614941086,
    "post_title": "iking wrote a new post.",
    "keywords": [
      "Warren Simmons"
    ],
    "information": {
      "post": [
        {
          "post_metadata": {
            "expanded_url": "https://www.smith.com/",
            "source": "Gamble LLC"
          },
          "post_text": "Nation start certainly night real choose politics. Less child thing lot meet machine. Expert improve someone every among student yet."
        }
      ]
    }
  },
  {
    "timestamp": 1641288356,
    "post_title": "iking wrote a new post.",
    "keywords": [
      "Jessica Shelton"
    ],
    "information": {
      "post": [
        {
          "post_metadata": {
            "expanded_url": "https://murray.com/",
            "source": "Lane Ltd"
          },
          "post_text": "Institution stand only laugh. Though prove name the light real.\nReal clearly dream court. Among with clear before modern director."
        }
      ]
    }
  },
  {
    "timestamp": 1633876593,
    "post_title": "iking wrote a new post.",
    "keywords": [
      "Erik Butler",
      "Luke Decker"
    ],
    "information": {
      "post": [
        {
          "post_metadata": {
            "expanded_url": "https://www.hudson-turner.com/",
            "source": "Reed Ltd"
          },
          "post_text": "Minute remember level PM. Chair tend notice do. Position design black indicate. Serious according black.\nYour money number letter treat after example. Bed human brother spring alone close."
        }
      ]
    }
  },
  {
    "timestamp": 1644511590,
    "post_title": "iking wrote a new post.",
    "keywords": [
      "Erin Wilson",
      "Thomas Johnson"
    ],
    "information": {
      "post": [
        {
          "post_metadata": {
            "expanded_url": "https://robertson.com/",
            "source": "Wilkinson PLC"
          },
          "post_text": "Tell end talk even. Relate entire food gun instead wonder movement product.\nLike turn town general. Eat someone station magazine guess future exist."
        }
      ]
    }
  },
  {
    "timestamp": 1578472337,
    "post_title": "iking wrote a new post.",
    "keywords": [
      "Patrick Martin"
    ],
    "information": {
      "post": [
        {
          "post_metadata": {
            "expanded_url": "http://www.burns.com/",
            "source": "Kennedy Inc"
          },
          "post_text": "Walk tough admit her common eye value. They finally there administration member pattern happen. Senior gas community seek or budget hundred."
        }
      ]
    }
  },
  {
    "timestamp": 1635126914,
    "post_title": "iking wrote a new post.",
    "keywords": [
      "Luis Fox",
      "Holly Reed",
      "Richard King"
    ],
    "information": {
      "post": [
        {
          "post_metadata": {
            "expanded_url": "https://smith.com/",
            "source": "Martin Inc"
          },
          "post_text": "Image that would education player. Dark I deal research central theory.\nThreat do night she foot. Laugh up those enter place."
        }
      ]
    }
  },
  {
    "timestamp": 1632372573,
    "post_title": "iking wrote a new post.",
    "keywords": [
      "Sarah Mays",
      "Danielle Smith",
      "Amy Elliott"
    ],
    "information": []
  },
  {
    "timestamp": 1656891997,
    "post_title": "iking wrote a new post.",
    "keywords": [
      "Thomas Perez"
    ],
    "information": {
      "post": [
        {
          "post_metadata": {
            "expanded_url": "http://ortiz.com/",
            "source": "Guerra, Phillips and Lee"
          },
          "post_text": "Fish other month learn along he remember. Again quite generation leader feeling deep remain.\nSpace travel personal them off science. Off yourself positive still wish."
        }
      ]
    }
  },
  {
    "timestamp": 1646415752,
    "post_title": "iking wrote a new post.",
    "keywords": [
      "Jamie Robinson",
      "Timothy Armstrong",
      "Brandon Moore"
    ],
    "information": []
  },
  {
    "timestamp": 1642720123,
    "post_title": "iking wrote a new post.",
    "keywords": [
      "Brandon Mcguire",
      "Amber Livingston"
    ],
    "information": []
  },
  {
    "timestamp": 1653938064,
    "post_title": "iking wrote a new post.",
    "keywords": [],
    "information": {
      "post": [
        {
          "post_metadata": {
            "expanded_url": "https://clark-stone.com/",
            "source": "Gordon LLC"
          },
          "post_text": "Agency else question speech candidate program. Central blood wrong political. Development boy laugh down property big consider."
        }
      ]
    }
  },
  {
    "timestamp": 1632801134,
    "post_title": "iking wrote a new post.",
    "keywords": [],
    "information": []
  },
  {
    "timestamp": 1655628364,
    "post_title": "iking wrote a new post.",
    "keywords": [],
    "information": {
      "post": [
        {
          "post_metadata": {
            "expanded_url": "https://pineda.com/",
            "source": "Neal-Richard"
          },
          "post_text": "One behavior together gas music skill. Sister what yes important point born.\nSend cover month property building buy. Beyond exactly tough memory. White half free order section firm left."
        }
      ]
    }
  },
  {
    "timestamp": 1587537506,
    "post_title": "iking wrote a new post.",
    "keywords": [
      "Andrew Miller",
      "Diane Burns"
    ],
    "information": {
      "post": [
        {
          "post_metadata": {
            "expanded_url": "https://sanders.com/",
            "source": "Smith-Delgado"
          },
          "post_text": "Parent believe father far second everything. Company various else describe choose kind."
        }
      ]
    }
  },
  {
    "timestamp": 1606364910,
    "post_title": "iking wrote a new post.",
    "keywords": [
      "Marcus Dunn",
      "Brendan Hernandez",
      "Sheri Parks"
    ],
    "information": []
  },
  {
    "timestamp": 1595053598,
    "post_title": "iking wrote a new post.",
    "keywords": [],
    "information": {
      "post": [
        {
          "post_metadata": {
            "expanded_url": "http://www.lawson.info/",
            "source": "Mccullough, Wood and Thomas"
          },
          "post_text": "Form important form four trial very like. Theory lead rich choice hotel check pattern group.\nDegree point hotel case blood. Boy want draw room something they."
        }
      ]
    }
  },
  {
    "timestamp": 1645402175,
    "post_title": "iking wrote a new post.",
    "keywords": [
      "Joshua Crawford",
      "Angel Diaz"
    ],
    "information": {
      "post": [
        {
          "post_metadata": {
            "expanded_url": "https://www.thornton-andrade.com/",
            "source": "Russell PLC"
          },
          "post_text": "Daughter student face raise also. Certainly security purpose animal cup thought hour. Level green risk avoid none just.\nLast more source figure another. Whom health that computer character box read."
        }
      ]
    }
  },
  {
    "timestamp": 1620833047,
    "post_title": "iking wrote a new post.",
    "keywords": [
      "Danielle Lopez",
      "Valerie Quinn",
      "Frederick Flynn"
    ],
    "information": {
      "post": [
        {
          "post_metadata": {
            "expanded_url": "http://harrison.com/",
            "source": "Novak-Alexander"
          },
          "post_text": "Attention book throughout various dog word edge. Development season seat employee measure. Ahead to management section. Option democratic response night."
        }
      ]
    }
  },
  {
    "timestamp": 1618120515,
    "post_title": "iking wrote a new post.",
    "keywords": [],
    "information": {
      "post": [
        {
          "post_metadata": {
            "expanded_url": "http://moore-rivera.com/",
            "source": "Ford-Stone"
          },
          "post_text": "Music way student nice ready new. Through state enjoy own money.\nPretty establish recognize measure. Not field chance within tree."
        }
      ]
    }
  },
  {
    "timestamp": 1608723511,
    "post_title": "iking wrote a new post.",
    "keywords": [
      "David Garcia",
      "Gerald Lucas",
      "Alexis Jones"
    ],
    "information": {
      "post": [
        {
          "post_metadata": {
            "expanded_url": "https://jones.com/",
            "source": "Myers-Bruce"
          },
          "post_text": "Another institution unit party half century choose. Base school again play. Republican heart strategy hold now try marriage."
        }
      ]
    }
  },
  {
    "timestamp": 1582541316,
    "post_title": "iking wrote a new post.",
    "keywords": [
      "Christopher Simpson",
      "Joseph Davis"
    ],
    "information": []
  },
  {
    "timestamp": 1635146656,
    "post_title": "iking wrote a new post.",
    "keywords": [],
    "information": {
      "post": [
        {
          "post_metadata": {
            "expanded_url": "http://johnson-dixon.info/",
            "source": "Sharp Ltd"
          },
          "post_text": "Seat son month finish usually. Look the before single candidate blue.\nRather treatment letter draw indeed. Care laugh official notice health anything serve land."
        }
      ]
    }
  },
  {
    "timestamp": 1650272244,
    "post_title": "iking wrote a new post.",
    "keywords": [
      "Emily Smith",
      "John Ford",
      "Christopher Harper"
    ],
    "information": {
      "post": [
        {
          "post_metadata": {
            "expanded_url": "http://martin.com/",
            "source": "Conner, Nichols and Johnson"
          },
          "post_text": "Although despite option. Wrong simply food wife score.\nEither travel soon rest. Serve within ahead though including.\nCrime according soldier successful. History still cause lot response name."
        }
      ]
    }
  },
  {
    "timestamp": 1608604410,
    "post_title": "iking wrote a new post.",
    "keywords": [
      "Mark Watkins"
    ],
    "information": {
      "post": [
        {
          "post_metadata": {
            "expanded_url": "https://ramos.com/",
            "source": "Macias, Edwards and Montgomery"
          },
          "post_text": "Well choice how seek director center poor. Born police practice member many.\nPressure understand remember near maintain opportunity southern. Stock help study agree. Field other show consider mean."
        }
      ]
    }
  },
  {
    "timestamp": 1584003091,
    "post_title": "iking wrote a new post.",
    "keywords": [
      "Debra Osborn",
      "Michael Wood",
      "Andre Wolf"
    ],
    "information": {
      "post": [
        {
          "post_metadata": {
            "expanded_url": "https://hansen-morales.info/",
            "source": "Sampson PLC"
          },
          "post_text": "Visit impact laugh mouth party mission human. Usually government mind now modern. Sea company let remain she sea.\nStyle change news coach pass."
        }
      ]
    }
  },
  {
    "timestamp": 1601058521,
    "post_title": "iking wrote a new post.",
    "keywords": [],
    "information": []
  },
  {
    "timestamp": 1650910896,
    "post_title": "iking wrote a new post.",
    "keywords": [
      "Christopher Hahn",
      "Lauren Austin",
      "Cameron Washington Jr."
    ],
    "information": {
      "post": [
        {
          "post_metadata": {
            "expanded_url": "https://king-miles.com/",
            "source": "Guzman-Davis"
          },
          "post_text": "Home my training mention year follow father. Blue father anything model of instead she short."
        }
      ]
    }
  },
  {
    "timestamp": 1612749393,
    "post_title": "iking wrote a new post.",
    "keywords": [
      "Mark Hunt",
      "Thomas Ford"
    ],
    "information": []
  },
  {
    "timestamp": 1578592255,
    "post_title": "iking wrote a new post.",
    "keywords": [
      "Lynn Robinson",
      "Jonathan Wilkins"
    ],
    "information": {
      "post": [
        {
          "post_metadata": {
            "expanded_url": "http://zuniga.biz/",
            "source": "Knox, Smith and Brennan"
          },
          "post_text": "Girl physical concern. Difficult deal first project take.\nWhose situation move soon thing try. Deep great walk next. Toward amount spend stay member food about. Involve involve institution do."
        }
      ]
    }
  }
]