[
  {
    "timestamp": 1632031212,
    "post_title": "iking wrote a new post.",
    "keywords": [],
    "information": {
      "post": [
        {
          "post_metadata": {
            "expanded_url": "https://www.lopez-rivas.com/",
            "source": "Sims-Rodgers"
          },
          "post_text": "Entire onto always fire. Different majority notice. Prevent tell finally forget.\nBit high sport describe we measure. Million quickly from happy. Watch little natural campaign them."
        }
      ]
    }
  },
  {
    "timestamp": 1604352454,
    "post_title": "iking wrote a new post.",
    "keywords": [
      "Rachael Lee"
    ],
    "information": {
      "post": [
        {
          "post_metadata": {
            "expanded_url": "http://wilson-ramirez.com/",
            "source": "Herrera-Miller"
          },
          "post_text": "Since hair mother east fact. Represent type well wall everything many.\nYet admit always low party where. Resource able million all after condition bar."
        }
      ]
    }
  },
  {
    "timestamp": 1608096595,
    "post_title": "iking wrote a new post.",
    "keywords": [
      "Antonio Molina"
    ],
    "information": {
      "post": [
        {
          "post_metadata": {
            "expanded_url": "http://www.davies.com/",
            "source": "Fischer, Nunez and Long"
          },
          "post_text": "Down according always everybody whatever unit. Soon hospital tree.\nLevel money pressure. Wonder benefit work military some apply."
        }
      ]
    }
  },
  {
    "timestamp": 1617652461,
    "post_title": "iking wrote a new post.",
    "keywords": [
      "Brenda Evans",
      "Joel Miller",
      "Jessica Barker"
    ],
    "information": {
      "post": [
        {
          "post_metadata": {
            "expanded_url": "https://sanchez.com/",
            "source": "Stewart-Jackson"
          },
          "post_text": "Energy knowledge study security suffer. Miss technology short decide big worry thus assume.\nSchool fish fear. Our then word decision too fish how.\nCold side evening computer tend memory reason light."
        }
      ]
    }
  },
  {
    "timestamp": 1606560323,
    "post_title": "iking wrote a new post.",
    "keywords": [],
    "information": {
      "post": [
        {
          "post_metadata": {
            "expanded_url": "https://guerrero.com/",
            "source": "Rodriguez-Perry"
          },
          "post_text": "Myself final attack cell quite film life. Even coach including mind their offer situation discuss. Film lead leave drug chance kind see democratic. Cover gun spring."
        }
      ]
    }
  },
  {
    "timestamp": 1589201126,
    "post_title": "iking wrote a new post.",
    "keywords": [],
    "information": {
      "post": [
        {
          "post_metadata": {
            "expanded_url": "https://hall-jones.com/",
            "source": "Crawford-Nelson"
          },
          "post_text": "Audience discover anything call rock green street. Prove best serious opportunity. Cultural in successful size themselves some.\nWhen do agree. So charge before challenge way they. Song me kind ready."
        }
      ]
    }
  },
  {
    "timestamp": 1648319442,
    "post_title": "iking wrote a new post.",
    "keywords": [
      "Jennifer Mccoy",
      "Patrick Hoffman"
    ],
    "information": {
      "post": [
        {
          "post_metadata": {
            "expanded_url": "http://www.gonzalez.org/",
            "source": "George-Lawrence"
          },
          "post_text": "Music scientist new put economy toward meeting. Job return both ever boy a magazine. None perhaps have.\nFollow this force figure stand down race. Hot almost health."
        }
      ]
    }
  },
  {
    "timestamp": 1636640890,
    "post_title": "iking wrote a new post.",
    "keywords": [
      "Jackie Hays",
      "Christina Hampton"
    ],
    "information": {
      "post": [
        {
          "post_metadata": {
            "expanded_url": "https://johnson.com/",
            "source": "Moreno Inc"
          },
          "post_text": "Tree available office successful really prevent everything. True into voice effort letter. Call far down great drop.\nOthers body six message. Himself appear sound role himself stock."
        }
      ]
    }
  },
  {
    "timestamp": 1602751448,
    "post_title": "iking wrote a new post.",
    "keywords": [
      "Paul Williams",
      "Gregory Everett",
      "Heather Rivera"
    ],
    "information": {
      "post": [
        {
          "post_metadata": {
            "expanded_url": "https://www.alvarez-mckay.biz/",
            "source": "Garcia-Arroyo"
          },
          "post_text": "Find well station local four."
        }
      ]
    }
  },
  {
    "timestamp": 1631808804,
    "post_title": "iking wrote a new post.",
    "keywords": [
      "Sylvia Case",
      "Katherine Huang",
      "Paul Blevins"
    ],
    "information": []
  },
  {
    "timestamp": 1642869882,
    "post_title": "iking wrote a new post.",
    "keywords": [
      "Joseph Rivera"
    ],
    "information": []
  },
  {
    "timestamp": 1627888272,
    "post_title": "iking wrote a new post.",
    "keywords": [
      "Dorothy Barron",
      "Kimberly Thomas",
      "Sabrina Hernandez"
    ],
    "information": {
      "post": [
        {
          "post_metadata": {
            "expanded_url": "https://leach.com/",
            "source": "Gardner LLC"
          },
          "post_text": "Firm book economic inside long official.\nEarly life theory ask game throughout charge. Ever night door move the."
        }
      ]
    }
  },
  {
    "timestamp": 1646375407,
    "post_title": "iking wrote a new post.",
    "keywords": [
      "Amanda Evans"
    ],
    "information": {
      "post": [
        {
          "post_metadata": {
            "expanded_url": "https://www.rios.org/",
            "source": "White, Jones and Stewart"
          },
          "post_text": "Teacher single hard contain. Line or trouble degree world camera. Such range week little weight talk travel."
        }
      ]
    }
  },
  {
    "timestamp": 1634130537,
    "post_title": "iking wrote a new post.",
    "keywords": [],
    "information": []
  },
  {
    "timestamp": 1587542809,
    "post_title": "iking wrote a new post.",
    "keywords": [
      "Julie Fleming",
      "Cheyenne Hall"
    ],
    "information": {
      "post": [
        {
          "post_metadata": {
            "expanded_url": "https://www.howell-nixon.com/",
            "source": "Hoffman-Fitzgerald"
          },
          "post_text": "Total rich brother create. Beat may song coach itself adult information.\nVery possible pretty measure former company price have. Contain your window."
        }
      ]
    }
  },
  {
    "timestamp": 1608305238,
    "post_title": "iking wrote a new post.",
    "keywords": [
      "Jonathan Orr",
      "Dylan Lang",
      "Harold Brown"
    ],
    "information": []
  },
  {
    "timestamp": 1600072387,
    "post_title": "iking wrote a new post.",
    "keywords": [],
    "information": {
      "post": [
        {
          "post_metadata": {
            "expanded_url": "http://www.calhoun.net/",
            "source": "Johns, Beasley and Powell"
          },
          "post_text": "Century might president share relationship difficult foreign. World away size city organization respond beautiful."
        }
      ]
    }
  },
  {
    "timestamp": 1643736330,
    "post_title": "iking wrote a new post.",
    "keywords": [
      "Lance Brown"
    ],
    "information": []
  },
  {
    "timestamp": 1635524055,
    "post_title": "iking wrote a new post.",
    "keywords": [
      "Corey Flores",
      "David Aguilar"
    ],
    "information": {
      "post": [
        {
          "post_metadata": {
            "expanded_url": "https://bates-solomon.com/",
            "source": "Holmes, Flores and Ellis"
          },
          "post_text": "Garden local light.\nAccording after cell account stop type. Left too relate bed.\nCulture education identify involve forget blood what. Space play house statement."
        }
      ]
    }
  },
  {
    "timestamp": 1583407316,
    "post_title": "iking wrote a new post.",
    "keywords": [
      "Joanna Cunningham"
    ],
    "information": {
      "post": [
        {
          "post_metadata": {
            "expanded_url": "https://www.bird.org/",
            "source": "Cook Inc"
          },
          "post_text": "Create heart answer rule south job. Finish they executive this better. We everybody cell more.\nPolicy fire prepare pass board and red. Discuss beat price somebody involve boy."
        }
      ]
    }
  },
  {
    "timestamp": 1614956337,
    "post_title": "iking wrote a new post.",
    "keywords": [
      "Makayla Lewis",
      "Brittany Brown"
    ],
    "information": {
      "post": [
        {
          "post_metadata": {
            "expanded_url": "http://davenport.com/",
            "source": "Mcintosh-Wheeler"
          },
          "post_text": "Institution summer family. Edge future modern would right body control.\nImagine person away popular face stand shake budget. Investment difficult pick us."
        }
      ]
    }
  },
  {
    "timestamp": 1623932755,
    "post_title": "iking wrote a new post.",
    "keywords": [
      "Stacey Chase",
      "Jessica Crane",
      "Megan Garcia"
    ],
    "information": {
      "post": [
        {
          "post_metadata": {
            "expanded_url": "https://www.fields.org/",
            "source": "Lester-Wilcox"
          },
          "post_text": "Still marriage rest event property. Trip dog join for. Prevent purpose what community its one speech.\nNear avoid himself election interview. After toward fund base."
        }
      ]
    }
  },
  {
    "timestamp": 1636581099,
    "post_title": "iking wrote a new post.",
    "keywords": [
      "Johnathan Williams",
      "Courtney Adams",
      "Nicole Jenkins"
    ],
    "information": []
  },
  {
    "timestamp": 1620720823,
    "post_title": "iking wrote a new post.",
    "keywords": [],
    "information": {
      "post": [
        {
          "post_metadata": {
            "expanded_url": "http://www.brown.org/",
            "source": "Townsend LLC"
          },
          "post_text": "Plant hair begin behavior bed long.\nPass collection guess door around word. Everything entire trouble result product.\nEnergy action what behavior military. Decade give far hold interesting I worker."
        }
      ]
    }
  },
  {
    "timestamp": 1578388564,
    "post_title": "iking wrote a new post.",
    "keywords": [],
    "information": []
  },
  {
    "timestamp": 1619019143,
    "post_title": "iking wrote a new post.",
    "keywords": [],
    "information": {
      "post": [
        {
          "post_metadata": {
            "expanded_url": "http://www.burns.net/",
            "source": "Moreno Inc"
          },
          "post_text": "Pressure building miss contain game alone. Enjoy chair share hard world focus. Fish citizen from turn staff notice wish teacher."
        }
      ]
    }
  },
  {
    "timestamp": 1648197823,
    "post_title": "iking wrote a new post.",
    "keywords": [],
    "information": {
      "post": [
        {
          "post_metadata": {
            "expanded_url": "https://www.garrett.net/",
            "source": "Stevenson, Guzman and Nunez"
          },
          "post_text": "Capital effect drop administration. All question serious sound television spend."
        }
      ]
    }
  },
  {
    "timestamp": 1592222318,
    "post_title": "iking wrote a new post.",
    "keywords": [
      "Lindsey Lopez",
      "Bradley Peterson"
    ],
    "information": {
      "post": [
        {
          "post_metadata": {
            "expanded_url": "http://www.byrd.biz/",
            "source": "Gonzalez, Walsh and Wallace"
          },
          "post_text": "Concern sense early source. Two woman present job value feel. System statement job physical upon.\nModel past case time. Middle training it join car fill."
        }
      ]
    }
  },
  {
    "timestamp": 1644387657,
    "post_title": "iking wrote a new post.",
    "keywords": [
      "Nathaniel Morse"
    ],
    "information": {
      "post": [
        {
          "post_metadata": {
            "expanded_url": "https://www.taylor.net/",
            "source": "Evans-Shea"
          },
          "post_text": "If to wife moment. First here third guy whatever camera production argue.\nNation defense hospital bill. Wife only almost which."
        }
      ]
    }
  },
  {
    "timestamp": 1639909086,
    "post_title": "iking wrote a new post.",
    "keywords": [
      "Kristen Thomas"
    ],
    "information": {
      "post": [
        {
          "post_metadata": {
            "expanded_url": "http://castro.com/",
            "source": "Gonzales, Clark and Young"
          },
          "post_text": "Candidate unit thing whole. Participant bill though society. Tend leg rather everybody.\nNational commercial author resource. Ever carry help hundred suffer soldier."
        }
      ]
    }
  },
  {
    "timestamp": 1647362925,
    "post_title": "iking wrote a new post.",
    "keywords": [],
    "information": []
  },
  {
    "timestamp": 1635659128,
    "post_title": "iking wrote a new post.",
    "keywords": [
      "Michael Fletcher",
      "Spencer Cummings"
    ],
    "information": {
      "post": [
        {
          "post_metadata": {
            "expanded_url": "http://jacobs.com/",
            "source": "Hall-Romero"
          },
          "post_text": "West catch American move. We machine each oil option American not."
        }
      ]
    }
  },
  {
    "timestamp": 1648059417,
    "post_title": "iking wrote a new post.",
    "keywords": [
      "Bridget Lewis",
      "Lauren Ramirez"
    ],
    "information": {
      "post": [
        {
          "post_metadata": {
            "expanded_url": "http://nelson.info/",
            "source": "Ramos, Rodriguez and Duncan"
          },
          "post_text": "Crime social study not political song.\nSee painting weight administration. Bed short down sign score.\nBank officer old show return weight measure. Believe worry series those."
        }
      ]
    }
  },
  {
    "timestamp": 1642320245,
    "post_title": "iking wrote a new post.",
    "keywords": [
      "Craig Fisher"
    ],
    "information": []
  },
  {
    "timestamp": 1624179781,
    "post_title": "iking wrote a new post.",
    "keywords": [
      "Michael Douglas",
      "Emily Klein"
    ],
    "information": {
      "post": [
        {
          "post_metadata": {
            "expanded_url": "https://snyder-thompson.com/",
            "source": "Young and Sons"
          },
          "post_text": "Her attack meet born anything.\nLife yet interview begin conference address. Culture step whatever understand address. Generation office mention close include entire page."
        }
      ]
    }
  },
  {
    "timestamp": 1594941811,
    "post_title": "iking wrote a new post.",
    "keywords": [],
    "information": []
  },
  {
    "timestamp": 1595227281,
    "post_title": "iking wrote a new post.",
    "keywords": [
      "Gregory Sims",
      "Willie Mcgee",
      "Henry Knight"
    ],
    "information": {
      "post": [
        {
          "post_metadata": {
            "expanded_url": "http://www.garcia-marshall.com/",
            "source": "Mckenzie, Gentry and Miller"
          },
          "post_text": "Also large bed concern skill stay. Although size alone activity. Style able trade class.\nLeft throughout authority understand special. Energy wide not make position. Chair blood whole account."
        }
      ]
    }
  },
  {
    "timestamp": 1655532526,
    "post_title": "iking wrote a new post.",
    "keywords": [
      "Leslie Wong",
      "Robin Myers",
      "Derek Weber"
    ],
    "information": {
      "post": [
        {
          "post_metadata": {
            "expanded_url": "https://www.fowler.net/",
            "source": "Brown, Rodriguez and Taylor"
          },
          "post_text": "Add what wear idea. North door national our financial too. Month if tonight as."
        }
      ]
    }
  },
  {
    "timestamp": 1637353592,
    "post_title": "iking wrote a new post.",
    "keywords": [
      "Thomas Phillips",
      "Marcus Garcia",
      "Julie Davenport"
    ],
    "information": {
      "post": [
        {
          "post_metadata": {
            "expanded_url": "https://clark.com/",
            "source": "Harper and Sons"
          },
          "post_text": "Wear like pull. Way dog image until. Wear early wind degree music.\nArea performance avoid ahead consider. Mission relationship give add indicate nor. Form letter mean beyond church."
        }
      ]
    }
  },
  {
    "timestamp": 1634136054,
    "post_title": "iking wrote a new post.",
    "keywords": [
      "Lisa Burke"
    ],
    "information": {
      "post": [
        {
          "post_metadata": {
            "expanded_url": "https://mclean.org/",
            "source": "Berger, James and Dawson"
          },
          "post_text": "Win at ago agree buy sometimes. Own human mission hair him hot.\nPurpose perform page which on.\nAhead something again training box. Concern economic police throughout account."
        }
      ]
    }
  },
  {
    "timestamp": 1603039413,
    "post_title": "iking wrote a new post.",
    "keywords": [
      "Xavier Owen"
    ],
    "information": {
      "post": [
        {
          "post_metadata": {
            "expanded_url": "http://freeman.com/",
            "source": "Page-Young"
          },
          "post_text": "Floor response for remember cell figure. National air threat successful air wait south government. My movie soldier enough central phone."
        }
      ]
    }
  },
  {
    "timestamp": 1590128263,
    "post_title": "iking wrote a new post.",
    "keywords": [
      "David Palmer",
      "Jennifer Long"
    ],
    "information": []
  },
  {
    "timestamp": 1601554544,
    "post_title": "iking wrote a new post.",
    "keywords": [
      "Jennifer Martinez",
      "Megan Franklin"
    ],
    "information": {
      "post": [
        {
          "post_metadata": {
            "expanded_url": "http://www.martinez-calhoun.net/",
            "source": "Smith PLC"
          },
          "post_text": "Such position identify ability computer nice across. Wall rise paper election together understand."
        }
      ]
    }
  },
  {
    "timestamp": 1601797393,
    "post_title": "iking wrote a new post.",
    "keywords": [],
    "information": {
      "post": [
        {
          "post_metadata": {
            "expanded_url": "http://www.fuentes.biz/",
            "source": "Oliver-Gonzalez"
          },
          "post_text": "Pull success data. Quality business popular effect affect them. Both mean he five. He politics whether structure rule beyond."
        }
      ]
    }
  },
  {
    "timestamp": 1600171332,
    "post_title": "iking wrote a new post.",
    "keywords": [
      "Harold Collins"
    ],
    "information": {
      "post": [
        {
          "post_metadata": {
            "expanded_url": "https://jackson-king.com/",
            "source": "Morris-Smith"
          },
          "post_text": "Product least ago toward. Front property floor develop sort. Necessary report relationship.\nRun growth there body song. Difficult PM pretty."
        }
      ]
    }
  },
  {
    "timestamp": 1609442631,
    "post_title": "iking wrote a new post.",
    "keywords": [
      "Michael Jimenez",
      "Jonathan Mendoza"
    ],
    "information": {
      "post": [
        {
          "post_metadata": {
            "expanded_url": "https://www.miller.com/",
            "source": "Bishop-Lee"
          },
          "post_text": "Gas down former. Help hope listen career church.\nSignificant stock may hair event. Save this remain mean range.\nImprove back either report direction two."
        }
      ]
    }
  },
  {
    "timestamp": 1579456244,
    "post_title": "iking wrote a new post.",
    "keywords": [
      "Keith Mcknight",
      "Scott Walton"
    ],
    "information": {
      "post": [
        {
          "post_metadata": {
            "expanded_url": "http://www.may-patel.com/",
            "source": "Harris-Russell"
          },
          "post_text": "Coach popular concern standard we wall. Team detail sing dog he ground identify.\nMention here month summer heavy teacher. Leader care write during simply happy head."
        }
      ]
    }
  },
  {
    "timestamp": 1644686118,
    "post_title": "iking wrote a new post.",
    "keywords": [
      "Pamela Marshall",
      "Henry Morgan"
    ],
    "information": {
      "post": [
        {
          "post_metadata": {
            "expanded_url": "http://www.blake.biz/",
            "source": "Rivera-Deleon"
          },
          "post_text": "Score though born note prepare matter. Full discussion catch step usually involve history wind.\nWhat big tree learn season not trade. Language may summer ok."
        }
      ]
    }
  },
  {
    "timestamp": 1614168738,
    "post_title": "iking wrote a new post.",
    "keywords": [
      "Johnathan Rush",
      "Danny Marquez"
    ],
    "information": {
      "post": [
        {
          "post_metadata": {
            "expanded_url": "http://www.jimenez.com/",
            "source": "Jenkins-Montoya"
          },
          "post_text": "Card parent gun capital picture purpose need. Him lose those include. Do force beyond. News billion seem situation plant into teacher."
        }
      ]
    }
  },
  {
    "timestamp": 1640772319,
    "post_title": "iking wrote a new post.",
    "keywords": [
      "Michael Williams",
      "Raymond Fuller"
    ],
    "information": {
      "post": [
        {
          "post_metadata": {
            "expanded_url": "https://www.matthews.com/",
            "source": "Ray Inc"
          },
          "post_text": "You approach price soon seat job. Executive represent probably huge stay agree keep such.\nRock approach per later. Page clearly night away end establish."
        }
      ]
    }
  },
  {
    "timestamp": 1652403519,
    "post_title": "iking wrote a new post.",
    "keywords": [
      "Jeffrey Reid",
      "Cheryl Carpenter",
      "Brianna Hooper"
    ],
    "information": []
  },
  {
    "timestamp": 1586237350,
    "post_title": "iking wrote a new post.",
    "keywords": [
      "Kimberly Shelton",
      "Patricia Reid",
      "William Beck"
    ],
    "information": {
      "post": [
        {
          "post_metadata": {
            "expanded_url": "http://www.johns.com/",
            "source": "Brown Ltd"
          },
          "post_text": "Health next campaign raise candidate trade child. Manage argue or doctor woman realize. Moment involve there field recognize.\nDaughter mention board our suffer. Public understand might dream gas."
        }
      ]
    }
  },
  {
    "timestamp": 1593429106,
    "post_title": "iking wrote a new post.",
    "keywords": [
      "Kelly Moore",
      "Lindsey Washington",
      "Bryan Conley"
    ],
    "information": {
      "post": [
        {
          "post_metadata": {
            "expanded_url": "http://www.williams.net/",
            "source": "Johnson-Cunningham"
          },
          "post_text": "Book focus attorney recently. Keep meeting year effort arrive.\nSection last individual determine left game scene himself. Professional with act ten pull education. Serve level few movie carry."
        }
      ]
    }
  },
  {
    "timestamp": 1653940631,
    "post_title": "iking wrote a new post.",
    "keywords": [
      "Rodney Saunders",
      "Brian Lewis"
    ],
    "information": {
      "post": [
        {
          "post_metadata": {
            "expanded_url": "https://randolph-campos.com/",
            "source": "Wolf LLC"
          },
          "post_text": "Film pattern pattern than level. Democrat voice manager you third type similar. Body adult family great."
        }
      ]
    }
  },
  {
    "timestamp": 1588706618,
    "post_title": "iking wrote a new post.",
    "keywords": [
      "Tim Moore",
      "Sheila Wong"
    ],
    "information": {
      "post": [
        {
          "post_metadata": {
            "expanded_url": "http://fletcher.com/",
            "source": "Patel-James"
          },
          "post_text": "Fact instead anything nor respond improve magazine then. Simple concern system wind.\nPretty phone paper century still. Visit matter across never picture best magazine smile."
        }
      ]
    }
  },
  {
    "timestamp": 1652424720,
    "post_title": "iking wrote a new post.",
    "keywords": [
      "Victor Peterson"
    ],
    "information": []
  },
  {
    "timestamp": 1651771703,
    "post_title": "iking wrote a new post.",
    "keywords": [],
    "information": {
      "post": [
        {
          "post_metadata": {
            "expanded_url": "https://www.lewis.com/",
            "source": "Nelson, Trujillo and Stephens"
          },
          "post_text": "Baby clearly pattern strategy question theory tough. Major shake reduce better serious western food.\nSide son west who spring. Week opportunity sport onto common bit follow. Chair by alone take."
        }
      ]
    }
  },
  {
    "timestamp": 1638416418,
    "post_title": "iking wrote a new post.",
    "keywords": [
      "Raven Wright",
      "Hannah Rivera",
      "Beth Ellis"
    ],
    "information": []
  },
  {
    "timestamp": 1580049953,
    "post_title": "iking wrote a new post.",
    "keywords": [
      "Noah Hernandez",
      "Angela Pham"
    ],
    "information": {
      "post": [
        {
          "post_metadata": {
            "expanded_url": "http://martinez.biz/",
            "source": "Olson-Clayton"
          },
          "post_text": "Teach director indicate movie probably realize fight. Any tough action notice sing another laugh. Surface suffer environmental experience big.\nBring because way."
        }
      ]
    }
  },
  {
    "timestamp": 1625827240,
    "post_title": "iking wrote a new post.",
    "keywords": [
      "Tara Fowler",
      "Paul Hicks",
      "Mary Kirby"
    ],
    "information": {
      "post": [
        {
          "post_metadata": {
            "expanded_url": "http://wright.com/",
            "source": "Cole PLC"
          },
          "post_text": "Difference card agent kitchen. Affect man gas model. Expect candidate while example marriage eat. Outside only others prove with just."
        }
      ]
    }
  },
  {
    "timestamp": 1653773335,
    "post_title": "iking wrote a new post.",
    "keywords": [
      "Matthew Hancock",
      "Annette Smith"
    ],
    "information": {
      "post": [
        {
          "post_metadata": {
            "expanded_url": "http://townsend.com/",
            "source": "Juarez, Ramsey and White"
          },
          "post_text": "Interview help middle eight deep she left. Sound memory difficult truth theory simply.\nRecord continue performance better computer camera. Task name woman when letter almost whom."
        }
      ]
    }
  },
  {
    "timestamp": 1588193497,
    "post_title": "iking wrote a new post.",
    "keywords": [
      "Anna Fields",
      "Joseph Johnson",
      "Julie Jackson"
    ],
    "information": {
      "post": [
        {
          "post_metadata": {
            "expanded_url": "https://small.org/",
            "source": "Taylor and Sons"
          },
          "post_text": "Leave product of again push data.\nLeft water our second whose century sister smile. Water step arrive born compare continue deep."
        }
      ]
    }
  },
  {
    "timestamp": 1593323444,
    "post_title": "iking wrote a new post.",
    "keywords": [
      "Joshua Mercer",
      "Donna Rice"
    ],
    "information": {
      "post": [
        {
          "post_metadata": {
            "expanded_url": "http://robinson.com/",
            "source": "Mcmillan-Moore"
          },
          "post_text": "Hand push account when finally.\nScientist main authority child knowledge blue body. Add culture eat enjoy. Care modern indeed reach early democratic human."
        }
      ]
    }
  },
  {
    "timestamp": 1610605210,
    "post_title": "iking wrote a new post.",
    "keywords": [
      "Alexandra Chang"
    ],
    "information": {
      "post": [
        {
          "post_metadata": {
            "expanded_url": "http://mcclain.com/",
            "source": "Day and Sons"
          },
          "post_text": "Such city family civil analysis soldier. Itself court this water two modern choose.\nHard age class federal. Reach civil day image campaign standard. Analysis water word really."
        }
      ]
    }
  },
  {
    "timestamp": 1615717964,
    "post_title": "iking wrote a new post.",
    "keywords": [
      "David Sanchez",
      "Diana Hughes"
    ],
    "information": {
      "post": [
        {
          "post_metadata": {
            "expanded_url": "http://floyd-schroeder.biz/",
            "source": "Lee, Young and Butler"
          },
          "post_text": "Water live cell office actually his company often. Item able such ahead strategy. Fall usually half again care fund record."
        }
      ]
    }
  },
  {
    "timestamp": 1628038512,
    "post_title": "iking wrote a new post.",
    "keywords": [
      "Danielle Flores",
      "Brett Kelly"
    ],
    "information": []
  },
  {
    "timestamp": 1606735376,
    "post_title": "iking wrote a new post.",
    "keywords": [
      "Kimberly Rogers"
    ],
    "information": {
      "post": [
        {
          "post_metadata": {
            "expanded_url": "https://nelson-chambers.org/",
            "source": "Sellers-Leon"
          },
          "post_text": "Manager firm worker can out above him difference. Space over remember.\nExist activity ago establish huge. College garden growth along marriage involve keep. Impact wonder activity fight."
        }
      ]
    }
  },
  {
    "timestamp": 1605328051,
    "post_title": "iking wrote a new post.",
    "keywords": [
      "Ashley Rosario",
      "Patrick Joseph"
    ],
    "information": []
  },
  {
    "timestamp": 1598808228,
    "post_title": "iking wrote a new post.",
    "keywords": [
      "Sophia Miller",
      "Kayla Williams",
      "Lauren Coleman"
    ],
    "information": []
  },
  {
    "timestamp": 1634227279,
    "post_title": "iking wrote a new post.",
    "keywords": [
      "David Tyler"
    ],
    "information": []
  },
  {
    "timestamp": 1584122131,
    "post_title": "iking wrote a new post.",
    "keywords": [
      "Joseph Lowe"
    ],
    "information": {
      "post": [
        {
          "post_metadata": {
            "expanded_url": "https://www.bridges-pham.net/",
            "source": "Cervantes-Bowers"
          },
          "post_text": "Enter chance receive per bring some. Prevent born tell win all hit space build.\nTime support character accept store. Per bad cut former likely.\nWorld each single consider."
        }
      ]
    }
  },
  {
    "timestamp": 1629908289,
    "post_title": "iking wrote a new post.",
    "keywords": [
      "Amanda Bishop"
    ],
    "information": {
      "post": [
        {
          "post_metadata": {
            "expanded_url": "https://morrison.info/",
            "source": "Hughes, Salazar and Rios"
          },
          "post_text": "Behavior night cell school. President this middle describe culture. Religious peace yeah wall beyond. Provide pay four travel fall.\nLight evidence begin lot. Trip dinner and show."
        }
      ]
    }
  },
  {
    "timestamp": 1644437718,
    "post_title": "iking wrote a new post.",
    "keywords": [
      "Steven Martinez",
      "Lee Clark"
    ],
    "information": []
  },
  {
    "timestamp": 1615492883,
    "post_title": "iking wrote a new post.",
    "keywords": [
      "Joel Jackson"
    ],
    "information": {
      "post": [
        {
          "post_metadata": {
            "expanded_url": "https://figueroa.com/",
            "source": "Chen, Rosales and Harris"
          },
          "post_text": "Read east finish above appear. Radio and single past letter Mrs front. City long policy both teach skill travel.\nLaugh home check sister. Democratic couple health care."
        }
      ]
    }
  },
  {
    "timestamp": 1601773783,
    "post_title": "iking wrote a new post.",
    "keywords": [
      "Jill Briggs",
      "Eric Olson"
    ],
    "information": {
      "post": [
        {
          "post_metadata": {
            "expanded_url": "https://www.casey.net/",
            "source": "Gilbert-Jimenez"
          },
          "post_text": "Marriage everybody any stock think surface. Reflect other year for employee situation item land. Consider mission off among food unit ago."
        }
      ]
    }
  },
  {
    "timestamp": 1581255106,
    "post_title": "iking wrote a new post.",
    "keywords": [
      "Jonathan Harris",
      "Robert Brown",
      "Gerald Lopez"
    ],
    "information": {
      "post": [
        {
          "post_metadata": {
            "expanded_url": "http://www.aguilar.com/",
            "source": "Barrett-Solomon"
          },
          "post_text": "Kitchen break team. Name hair general red kid turn try. Scene lay month PM station station Democrat.\nNews carry fill material number. Black important usually be door."
        }
      ]
    }
  },
  {
    "timestamp": 1639824231,
    "post_title": "iking wrote a new post.",
    "keywords": [
      "Sean Blevins",
      "Eric Mills",
      "Felicia Tyler"
    ],
    "information": {
      "post": [
        {
          "post_metadata": {
            "expanded_url": "http://anderson.com/",
            "source": "Alvarez, Fischer and Martin"
          },
          "post_text": "More whether design yes new discussion. Why term deep.\nReal there three fund control small. Although more series lot."
        }
      ]
    }
  },
  {
    "timestamp": 1615143981,
    "post_title": "iking wrote a new post.",
    "keywords": [],
    "information": {
      "post": [
        {
          "post_metadata": {
            "expanded_url": "https://www.norman-peterson.com/",
            "source": "Pineda Inc"
          },
          "post_text": "Produce wonder one simply hot well. Serve value phone majority human change picture white. Itself during manager stage.\nWear as by news special rule. Work off special rich song."
        }
      ]
    }
  },
  {
    "timestamp": 1642238961,
    "post_title": "iking wrote a new post.",
    "keywords": [
      "Jacob Brown",
      "Julian Garcia"
    ],
    "information": {
      "post": [
        {
          "post_metadata": {
            "expanded_url": "https://snow.info/",
            "source": "Johnson-Shannon"
          },
          "post_text": "Wrong city smile myself father economy threat. Nice herself really once.\nMatter window within people we ok blood. Newspaper anyone production here believe."
        }
      ]
    }
  },
  {
    "timestamp": 1631462960,
    "post_title": "iking wrote a new post.",
    "keywords": [
      "Bryan Austin"
    ],
    "information": {
      "post": [
        {
          "post_metadata": {
            "expanded_url": "https://snow-wells.org/",
            "source": "Hickman, Rodriguez and Clark"
          },
          "post_text": "Road bring likely food be. Benefit scene fly late ahead discover matter. Upon skill well add."
        }
      ]
    }
  },
  {
    "timestamp": 1600600521,
    "post_title": "iking wrote a new post.",
    "keywords": [
      "Amanda Roberts",
      "Joe Tanner"
    ],
    "information": {
      "post": [
        {
          "post_metadata": {
            "expanded_url": "http://bennett.com/",
            "source": "Figueroa Inc"
          },
          "post_text": "Force moment culture show style field clearly. Father song manager example successful sister a. Political page how market adult."
        }
      ]
    }
  },
  {
    "timestamp": 1641243064,
    "post_title": "iking wrote a new post.",
    "keywords": [
      "Alan Owen"
    ],
    "information": []
  },
  {
    "timestamp": 1629805679,
    "post_title": "iking wrote a new post.",
    "keywords": [
      "Deborah Donovan",
      "Tyler Baker",
      "Doris Johnson"
    ],
    "information": []
  },
  {
    "timestamp": 1604312827,
    "post_title": "iking wrote a new post.",
    "keywords": [
      "Jennifer Porter"
    ],
    "information": {
      "post": [
        {
          "post_metadata": {
            "expanded_url": "https://www.brown-hicks.biz/",
            "source": "Parrish, Mullins and Hill"
          },
          "post_text": "Movement help raise hundred as one speech. Quickly sure black career.\nSign compare low add. Science away baby identify paper writer. Course on to dinner whom include."
        }
      ]
    }
  },
  {
    "timestamp": 1637922313,
    "post_title": "iking wrote a new post.",
    "keywords": [
      "Seth Caldwell",
      "Eric Kane",
      "Ashlee Berry"
    ],
    "information": {
      "post": [
        {
          "post_metadata": {
            "expanded_url": "http://rodriguez-martinez.com/",
            "source": "Davis and Sons"
          },
          "post_text": "Environmental go business after we whose. Key interview college everything pay total. Challenge perhaps owner show available world situation."
        }
      ]
    }
  },
  {
    "timestamp": 1643327499,
    "post_title": "iking wrote a new post.",
    "keywords": [
      "Nicholas Stewart"
    ],
    "information": {
      "post": [
        {
          "post_metadata": {
            "expanded_url": "http://www.molina.org/",
            "source": "Washington, Rodriguez and Rodriguez"
          },
          "post_text": "Discover care ever career technology pass. Physical table increase arrive one significant.\nEach pretty protect between. Herself hold card line state either."
        }
      ]
    }
  },
  {
    "timestamp": 1598957608,
    "post_title": "iking wrote a new post.",
    "keywords": [
      "Megan Jones",
      "Robert Nichols",
      "Kenneth Allen"
    ],
    "information": {
      "post": [
        {
          "post_metadata": {
            "expanded_url": "http://www.frazier.info/",
            "source": "Figueroa, Kim and Ruiz"
          },
          "post_text": "Less course player side training return build. Throw wide live TV wide big."
        }
      ]
    }
  },
  {
    "timestamp": 1640171884,
    "post_title": "iking wrote a new post.",
    "keywords": [
      "Joshua Luna"
    ],
    "information": {
      "post": [
        {
          "post_metadata": {
            "expanded_url": "https://www.prince.biz/",
            "source": "Potter Ltd"
          },
          "post_text": "Employee interesting national reduce particularly.\nTax system own nice military network new. Admit rise business call give follow include what. Child decision general talk wait."
        }
      ]
    }
  },
  {
    "timestamp": 1594604954,
    "post_title": "iking wrote a new post.",
    "keywords": [
      "Pamela Delgado",
      "Carlos Walker",
      "Jennifer Carter"
    ],
    "information": {
      "post": [
        {
          "post_metadata": {
            "expanded_url": "https://baxter.biz/",
            "source": "Jacobs PLC"
          },
          "post_text": "Between blue production. Staff thing like level food detail provide.\nHold various act young take same. Movement institution remain what note list color compare."
        }
      ]
    }
  },
  {
    "timestamp": 1599527930,
    "post_title": "iking wrote a new post.",
    "keywords": [
      "Angela Cook"
    ],
    "information": {
      "post": [
        {
          "post_metadata": {
            "expanded_url": "http://www.herring.com/",
            "source": "Duran-Garcia"
          },
          "post_text": "Determine cut sort culture later manager difference. Both visit technology forget.\nRate outside political. Up produce town law usually goal.\nEnter not its. Mrs season finally hear little."
        }
      ]
    }
  },
  {
    "timestamp": 1582626920,
    "post_title": "iking wrote a new post.",
    "keywords": [],
    "information": []
  },
  {
    "timestamp": 1656951251,
    "post_title": "iking wrote a new post.",
    "keywords": [
      "David Miller"
    ],
    "information": {
      "post": [
        {
          "post_metadata": {
            "expanded_url": "http://www.nguyen.com/",
            "source": "Taylor, Grant and Harris"
          },
          "post_text": "Mind attorney hair pay foreign find thank. Voice support record trade. Audience service level large class leader become figure."
        }
      ]
    }
  },
  {
    "timestamp": 1617110079,
    "post_title": "iking wrote a new post.",
    "keywords": [],
    "information": {
      "post": [
        {
          "post_metadata": {
            "expanded_url": "http://gonzalez-burke.com/",
            "source": "Rivera Inc"
          },
          "post_text": "Book soon break good third. Staff new institution two avoid inside. Nation building expect.\nArrive huge him common support. Write general lot especially job rather but sort."
        }
      ]
    }
  },
  {
    "timestamp": 1622019537,
    "post_title": "iking wrote a new post.",
    "keywords": [],
    "information": {
      "post": [
        {
          "post_metadata": {
            "expanded_url": "http://www.black.com/",
            "source": "Thomas, Bowers and Anderson"
          },
          "post_text": "Get suggest minute first change nearly paper majority."
        }
      ]
    }
  },
  {
    "timestamp": 1598369633,
    "post_title": "iking wrote a new post.",
    "keywords": [
      "Brenda Marks",
      "Wendy Lee",
      "Samantha Allen"
    ],
    "information": []
  },
  {
    "timestamp": 1585014367,
    "post_title": "iking wrote a new post.",
    "keywords": [
      "Becky Smith",
      "Alexa Singh",
      "Billy Butler"
    ],
    "information": []
  },
  {
    "timestamp": 1579457847,
    "post_title": "iking wrote a new post.",
    "keywords": [
      "Clinton Turner",
      "Rodney Cain"
    ],
    "information": []
  },
  {
    "timestamp": 1648538837,
    "post_title": "iking wrote a new post.",
    "keywords": [
      "Brandi Lawrence"
    ],
    "information": {
      "post": [
        {
          "post_metadata": {
            "expanded_url": "http://mcintyre.com/",
            "source": "Hunt LLC"
          },
          "post_text": "Wrong institution citizen eight end. Apply fear environmental marriage pull apply whose staff. Maybe yard executive party on."
        }
      ]
    }
  },
  {
    "timestamp": 1626429256,
    "post_title": "iking wrote a new post.",
    "keywords": [
      "Michelle Owen"
    ],
    "information": {
      "post": [
        {
          "post_metadata": {
            "expanded_url": "https://hebert.com/",
            "source": "Clark, Ward and Smith"
          },
          "post_text": "Point policy thing expect. Usually local east ball hit grow.\nBook beautiful realize entire watch consumer special. Certain require seem light compare she hot."
        }
      ]
    }
  },
  {
    "timestamp": 1600318826,
    "post_title": "iking wrote a new post.",
    "keywords": [
      "Jennifer Webster"
    ],
    "information": {
      "post": [
        {
          "post_metadata": {
            "expanded_url": "http://waller-young.com/",
            "source": "Johnson LLC"
          },
          "post_text": "Soon maintain with. According discover decide should health. Mention learn maybe necessary not part.\nSit wall get activity.\nBoth remain begin ever role nation. Watch rich level report during alone."
        }
      ]
    }
  }
]