{
  "companies_followed": [
    {
      "company_name": "Jackson, Krueger and Carroll",
      "timestamp": 1615117237
    },
    {
      "company_name": "Pugh-Shelton",
      "timestamp": 1594842736
    },
    {
      "company_name": "Fisher, Lynch and Prince",
      "timestamp": 1639537310
    },
    {
      "company_name": "Cowan-Huerta",
      "timestamp": 1653236167
    },
    {
      "company_name": "Scott-Cooper",
      "timestamp": 1582559933
    },
    {
      "company_name": "Hogan-Sharp",
      "timestamp": 1650468617
    },
    {
      "company_name": "Johnson Inc",
      "timestamp": 1614139329
    },
    {
      "company_name": "Sosa-Best",
      "timestamp": 1619575382
    },
    {
      "company_name": "Brown-Miller",
      "timestamp": 1601517849
    },
    {
      "company_name": "Alvarez-Gutierrez",
      "timestamp": 1641574564
    },
    {
      "company_name": "Mann, Price and Bridges",
      "timestamp": 1590068578
    },
    {
      "company_name": "James Group",
      "timestamp": 1598544507
    },
    {
      "company_name": "Ingram-Marquez",
      "timestamp": 1616923504
    },
    {
      "company_name": "Arnold, Byrd and Richardson",
      "timestamp": 1625625344
    },
    {
      "company_name": "Kelly PLC",
      "timestamp": 1652599836
    },
    {
      "company_name": "Ward-Davis",
      "timestamp": 1581219192
    },
    {
      "company_name": "Sanchez-Smith",
      "timestamp": 1604467278
    },
    {
      "company_name": "Key, Fisher and Johnston",
      "timestamp": 1613681210
    },
    {
      "company_name": "Mckenzie PLC",
      "timestamp": 1654504155
    },
    {
      "company_name": "Garcia-Ramos",
      "timestamp": 1587511339
    }
  ]
}