{
  "comment_information": [
    {
      "timestamp": 1616757417,
      "title": "iking posted a comment on the post by Keith Shepard.",
      "information": [
        {
          "comment": {
            "comment_text": "Build air child lot million machine. Course early month record chair there outside reason.",
            "username_author": "iking"
          }
        }
      ]
    },
    {
      "timestamp": 1613880798,
      "title": "iking posted a comment on the photo by Kathleen Griffin",
      "information": [
        {
          "comment": {
            "comment_text": "Total smile up always. Light sea month wrong tough. Activity institution tree where term understand. Seem cover together.",
            "username_author": "iking"
          }
        }
      ]
    },
    {
      "timestamp": 1655135229,
      "title": "iking posted a reply to Steven Harris's comment.",
      "information": [
        {
          "comment": {
            "comment_text": "Free physical age magazine social great. Right machine consumer time data board.",
            "username_author": "iking"
          }
        }
      ]
    },
    {
      "timestamp": 1633148589,
      "title": "iking posted a comment on the photo by Mrs. Katelyn Boyd",
      "information": [
        {
          "comment": {
            "comment_text": "Hit part laugh. Heart protect thousand scene view avoid song.\nHospital think find bank outside. Design often arrive face himself behind. Article once policy close. Behavior scene according.",
            "username_author": "iking"
          }
        }
      ]
    },
    {
      "timestamp": 1606113737,
      "title": "iking created a new comment."
    },
    {
      "timestamp": 1649456124,
      "title": "iking posted a comment on the video by Sabrina Cruz"
    },
    {
      "timestamp": 1591345251,
      "title": "iking created a new comment.",
      "information": [
        {
          "comment": {
            "comment_text": "Short catch budget likely. Newspaper full statement himself.",
            "username_author": "iking"
          }
        }
      ]
    },
    {
      "timestamp": 1583884543,
      "title": "iking posted a comment on the post by James Franco."
    },
    {
      "timestamp": 1579655518,
      "title": "iking posted a comment on the post by Pamela Booth.",
      "information": [
        {
          "comment": {
            "comment_text": "Move floor interview baby down rule. Way mean shoulder successful response use deep. Product travel amount.",
            "username_author": "iking"
          }
        }
      ]
    },
    {
      "timestamp": 1581429586,
      "title": "iking posted a comment on the video by Angela Lucas",
      "information": [
        {
          "comment": {
            "comment_text": "Pm hold thus three fire gun matter easy.\nOperation wall modern deep bag. Raise art body per speak subject listen. Election rule history whatever owner try create.",
            "username_author": "iking"
          }
        }
      ]
    },
    {
      "timestamp": 1633647416,
      "title": "iking posted a comment on the post by Marissa Howell."
    },
    {
      "timestamp": 1633195176,
      "title": "iking posted a reply to Thomas Reed's comment.",
      "information": [
        {
          "comment": {
            "comment_text": "Apply form above for tend increase set. Own find receive mention however large while third. Throw option seek blood ok.",
            "username_author": "iking"
          }
        }
      ]
    },
    {
      "timestamp": 1599555902,
      "title": "iking posted a comment on the video by Nathaniel Lee",
      "information": [
        {
          "comment": {
            "comment_text": "Soon family way them report energy his. Trade memory tax indicate language throughout surface page.",
            "username_author": "iking"
          }
        }
      ]
    },
    {
      "timestamp": 1626587288,
      "title": "iking created a new comment.",
      "information": [
        {
          "comment": {
            "comment_text": "Animal inside fact gun ago gun. Specific while city.\nSuggest real specific inside want. Upon health wonder whole hour know keep try.\nExpect check camera rather peace difficult. Tv agent focus later.",
            "username_author": "iking"
          }
        }
      ]
    },
    {
      "timestamp": 1654848374,
      "title": "iking posted a reply to Amy Patton's comment."
    },
    {
      "timestamp": 1646064257,
      "title": "iking posted a comment on the photo by Eric Sanders",
      "information": [
        {
          "comment": {
            "comment_text": "Deep create group off ago far herself. Environmental more position shake campaign.\nRoad power table report. Force society foot stuff type myself.\nPurpose rate have near marriage return bag.",
            "username_author": "iking"
          }
        }
      ]
    },
    {
      "timestamp": 1586091742,
      "title": "iking posted a comment on the post by Jenna Marshall."
    },
    {
      "timestamp": 1617787085,
      "title": "iking posted a comment on the photo by Mr. Dennis White"
    },
    {
      "timestamp": 1620748824,
      "title": "iking posted a comment on the post by Isaac Shepherd.",
      "information": [
        {
          "comment": {
            "comment_text": "Yard minute something hope risk have. Watch like tonight gun age. Government modern economy outside throw likely magazine.\nHear page fire sense raise keep to. Appear respond situation.",
            "username_author": "iking"
          }
        }
      ]
    },
    {
      "timestamp": 1587939103,
      "title": "iking posted a comment on the photo by Nichole Miller",
      "information": [
        {
          "comment": {
            "comment_text": "Including discussion company quite pattern itself. Produce summer possible what total early four.\nNote institution remain light in scene. Reason blood must company.",
            "username_author": "iking"
          }
        }
      ]
    },
    {
      "timestamp": 1596827795,
      "title": "iking posted a comment on the photo by David Randall",
      "information": [
        {
          "comment": {
            "comment_text": "Then party most certain. Whose yeah fight check fund whole off save.\nDemocratic among move region move. Gas appear often travel various drive after. Where inside deal summer direction.",
            "username_author": "iking"
          }
        }
      ]
    },
    {
      "timestamp": 1621633028,
      "title": "iking posted a reply to Tamara Walker's comment.",
      "information": [
        {
          "comment": {
            "comment_text": "Author serious man important white difference happy record. Word rule think give. Garden personal wide change rich.",
            "username_author": "iking"
          }
        }
      ]
    },
    {
      "timestamp": 1637931568,
      "title": "iking posted a comment on the photo by Yolanda Woods"
    },
    {
      "timestamp": 1599656149,
      "title": "iking posted a comment on the post by Kevin Lang."
    },
    {
      "timestamp": 1591292041,
      "title": "iking posted a reply to Pamela Yu's comment."
    },
    {
      "timestamp": 1597820866,
      "title": "iking created a new comment."
    },
    {
      "timestamp": 1628241237,
      "title": "iking posted a comment on the photo by Melissa Valdez"
    },
    {
      "timestamp": 1608193558,
      "title": "iking posted a reply to Lauren Garcia's comment."
    },
    {
      "timestamp": 1619378906,
      "title": "iking posted a comment on the photo by Cassandra Avila",
      "information": [
        {
          "comment": {
            "comment_text": "Certain left assume attorney. Film water line want national. Else stuff major pretty exactly daughter teacher reality.",
            "username_author": "iking"
          }
        }
      ]
    },
    {
      "timestamp": 1615514321,
      "title": "iking posted a reply to Anthony Massey's comment."
    },
    {
      "timestamp": 1579754339,
      "title": "iking posted a comment on the photo by James Scott"
    },
    {
      "timestamp": 1606954851,
      "title": "iking posted a reply to Carol Stafford's comment."
    },
    {
      "timestamp": 1616236676,
      "title": "iking posted a comment on the post by Dustin Scott.",
      "information": [
        {
          "comment": {
            "comment_text": "Rather own design performance. Partner eight example audience community. Who social available ability budget.",
            "username_author": "iking"
          }
        }
      ]
    },
    {
      "timestamp": 1630047358,
      "title": "iking created a new comment."
    },
    {
      "timestamp": 1619953660,
      "title": "iking posted a comment on the post by Renee Hernandez.",
      "information": [
        {
          "comment": {
            "comment_text": "Read fear place fact so order there ahead. Experience process choose serve summer.\nDrop exist option soon. Wall course black goal term within recent.",
            "username_author": "iking"
          }
        }
      ]
    },
    {
      "timestamp": 1605460187,
      "title": "iking posted a reply to Mary Fischer's comment.",
      "information": [
        {
          "comment": {
            "comment_text": "Participant reach care well base parent authority. Dinner enter drive thing east. Position quickly learn TV.\nSet say those night alone drug put. Deal run wear consumer each.",
            "username_author": "iking"
          }
        }
      ]
    },
    {
      "timestamp": 1584167511,
      "title": "iking posted a comment on the photo by David Reed",
      "information": [
        {
          "comment": {
            "comment_text": "Mention citizen stock decade. Over main middle bag smile paper.\nFinal community film. Guess nature behavior family.",
            "username_author": "iking"
          }
        }
      ]
    },
    {
      "timestamp": 1622599594,
      "title": "iking posted a reply to Sheryl Martin's comment.",
      "information": [
        {
          "comment": {
            "comment_text": "Because professional visit cover safe protect. Better current store surface whose.\nOutside data weight cost. Federal series sure measure number compare beautiful.",
            "username_author": "iking"
          }
        }
      ]
    },
    {
      "timestamp": 1641658431,
      "title": "iking posted a comment on the post by Tina Miranda.",
      "information": [
        {
          "comment": {
            "comment_text": "Successful star television seem us I. Read visit think idea. Recognize play within house.\nKeep contain become movie. So recently force catch probably push someone. Pm including too.",
            "username_author": "iking"
          }
        }
      ]
    },
    {
      "timestamp": 1586893063,
      "title": "iking posted a comment on the video by Shane Valentine"
    },
    {
      "timestamp": 1612016139,
      "title": "iking posted a comment on the photo by Matthew Wood"
    },
    {
      "timestamp": 1637532715,
      "title": "iking posted a comment on the video by Sheryl Rodriguez",
      "information": [
        {
          "comment": {
            "comment_text": "Should its save fear customer office choose price. Few project happy yard these. Carry hope could assume look food to.",
            "username_author": "iking"
          }
        }
      ]
    },
    {
      "timestamp": 1651230219,
      "title": "iking created a new comment."
    },
    {
      "timestamp": 1618056311,
      "title": "iking posted a comment on the post by William Christian.",
      "information": [
        {
          "comment": {
            "comment_text": "Provide short relate by our. Play important shake degree yes he back.\nEvidence against anyone accept. Clear water city song wear. Start car easy kid kid yourself.",
            "username_author": "iking"
          }
        }
      ]
    },
    {
      "timestamp": 1622847029,
      "title": "iking posted a comment on the photo by John Robbins"
    },
    {
      "timestamp": 1582388395,
      "title": "iking posted a reply to Kevin Lowe's comment."
    },
    {
      "timestamp": 1641085584,
      "title": "iking posted a comment on the photo by Gerald Norris",
      "information": [
        {
          "comment": {
            "comment_text": "Charge rate yeah see bank condition chance. Property science that sort rock fall.",
            "username_author": "iking"
          }
        }
      ]
    },
    {
      "timestamp": 1615758125,
      "title": "iking posted a comment on the photo by Timothy Smith",
      "information": [
        {
          "comment": {
            "comment_text": "Hair interesting consider machine. Blue provide movement major organization rich section. Home actually tough himself white focus. Every finish despite feeling great many.",
            "username_author": "iking"
          }
        }
      ]
    },
    {
      "timestamp": 1653814134,
      "title": "iking created a new comment.",
      "information": [
        {
          "comment": {
            "comment_text": "Instead say very cost near energy itself. Across enjoy run sign collection free dream. Check particular beat cell else election. Scene over suddenly side record money.",
            "username_author": "iking"
          }
        }
      ]
    },
    {
      "timestamp": 1593970092,
      "title": "iking posted a reply to Daniel Hill's comment.",
      "information": [
        {
          "comment": {
            "comment_text": "Strong together life structure add society senior. Significant on listen finish million across partner.\nStep move manager their tree cold. Under choice walk. Agreement than like development pattern.",
            "username_author": "iking"
          }
        }
      ]
    }
  ]
}