{
  "engagement_info": [
    {
      "timestamp": 1619221752,
      "engagement_type": "like",
      "object": "uuid560829"
    },
    {
      "timestamp": 1652546173,
      "engagement_type": "like",
      "object": "uuid3011810"
    },
    {
      "timestamp": 1617463105,
      "engagement_type": "like",
      "object": "uuid6179159"
    },
    {
      "timestamp": 1624023156,
      "engagement_type": "click",
      "object": "uuid5006333"
    },
    {
      "timestamp": 1586479407,
      "engagement_type": "share",
      "object": "uuid4813595"
    },
    {
      "timestamp": 1640759186,
      "engagement_type": "like",
      "object": "uuid4537088"
    },
    {
      "timestamp": 1628255540,
      "engagement_type": "recommend",
      "object": "uuid528134"
    },
    {
      "timestamp": 1642074924,
      "engagement_type": "click",
      "object": "uuid858484"
    },
    {
      "timestamp": 1647452340,
      "engagement_type": "recommend",
      "object": "uuid5730717"
    },
    {
      "timestamp": 1586376861,
      "engagement_type": "recommend",
      "object": "uuid3394967"
    },
    {
      "timestamp": 1623897821,
      "engagement_type": "click",
      "object": "uuid6343609"
    },
    {
      "timestamp": 1616163940,
      "engagement_type": "recommend",
      "object": "uuid7575620"
    },
    {
      "timestamp": 1656952882,
      "engagement_type": "share",
      "object": "uuid3244583"
    },
    {
      "timestamp": 1620189148,
      "engagement_type": "like",
      "object": "uuid410185"
    },
    {
      "timestamp": 1634225260,
      "engagement_type": "like",
      "object": "uuid1472193"
    },
    {
      "timestamp": 1597472742,
      "engagement_type": "share",
      "object": "uuid796823"
    },
    {
      "timestamp": 1597912215,
      "engagement_type": "recommend",
      "object": "uuid7177300"
    },
    {
      "timestamp": 1654986638,
      "engagement_type": "share",
      "object": "uuid3957243"
    },
    {
      "timestamp": 1598983961,
      "engagement_type": "click",
      "object": "uuid2439361"
    },
    {
      "timestamp": 1658549845,
      "engagement_type": "recommend",
      "object": "uuid2370785"
    }
  ]
}